Timestamp,Symbol,Type,Amount,Investment,Target Price,Stop Price,Current Price
2024-10-28 03:37:10.191222,NEIROUSDT,profit,0.005,10,0.00156542232,0.001564483536,0.00156543
2024-10-28 03:37:24.014285,SUIUSDT,loss,-0.001,10,1.7477734499999997,1.74672531,1.7465
2024-10-28 03:37:32.491875,SAGAUSDT,loss,-0.001,10,1.98729315,1.9861013699999999,1.9844
2024-10-28 03:37:44.187658,DOGEUSDT,loss,-0.001,10,0.14368180499999997,0.143595639,0.14345
2024-10-28 03:37:53.181637,JUPUSDT,profit,0.005,10,1.0255124999999998,1.0248975,1.0262
2024-10-28 03:38:00.584496,SOLUSDT,timeout,0,10,176.92842,176.822316,176.84
2024-10-28 03:38:06.818510,BTCUSDT,timeout,0,10,68062.904445,68022.087111,68025.87
2024-10-28 03:38:08.818357,ETHUSDT,timeout,0,10,2506.922835,2505.419433,2505.8
2024-10-28 03:38:12.246982,SAGAUSDT,loss,-0.001,10,1.9876933499999998,1.9865013299999998,1.9865
2024-10-28 03:38:15.125689,NEIROUSDT,loss,-0.001,10,0.001564431825,0.001563493635,0.00156207
2024-10-28 03:38:15.522190,LTCUSDT,timeout,0,10,71.4357,71.39286000000001,71.4
2024-10-28 03:38:15.933446,SAGAUSDT,profit,0.005,10,1.98389145,1.9827017100000002,1.9874
2024-10-28 03:38:28.221598,BNBUSDT,timeout,0,10,589.8948,589.5410400000001,589.6
2024-10-28 03:38:44.848048,NEIROUSDT,loss,-0.001,10,0.001561170195,0.0015602339610000001,0.00155503
2024-10-28 03:38:47.629856,JUPUSDT,loss,-0.001,10,1.02541245,1.02479751,1.0245
2024-10-28 03:38:50.602274,JUPUSDT,profit,0.005,10,1.02581265,1.0251974700000002,1.0259
2024-10-28 03:38:57.072425,NEIROUSDT,loss,-0.001,10,0.0015538665449999999,0.001552934691,0.00155244
2024-10-28 03:39:14.304533,SAGAUSDT,loss,-0.001,10,1.98629265,1.98510147,1.9823
2024-10-28 03:39:46.509399,NEIROUSDT,loss,-0.001,10,0.00155491707,0.001553984586,0.00155244
2024-10-28 03:39:47.479012,SAGAUSDT,loss,-0.001,10,1.98649275,1.9853014500000001,1.9834
2024-10-28 03:39:57.924252,SAGAUSDT,loss,-0.001,10,1.9866928499999998,1.98550143,1.9854
2024-10-28 03:40:18.776328,SAGAUSDT,loss,-0.001,10,1.98869385,1.9875012300000001,1.9874
2024-10-28 03:40:20.144898,JUPUSDT,loss,-0.001,10,1.0252123499999999,1.0245975299999999,1.0236
2024-10-28 03:40:42.854370,NEIROUSDT,loss,-0.001,10,0.001548283755,0.001547355249,0.00154529
2024-10-28 03:40:51.242213,DOGEUSDT,loss,-0.001,10,0.1436718,0.14358564000000001,0.14345
2024-10-28 03:40:55.230832,SUIUSDT,timeout,0,10,1.74457185,1.74352563,1.7436
2024-10-28 03:40:55.601745,DOGEUSDT,loss,-0.001,10,0.14368180499999997,0.143595639,0.14344
2024-10-28 03:40:59.057123,DOGEUSDT,profit,0.005,10,0.14351172,0.143425656,0.14361
2024-10-28 03:41:02.437175,DOGEUSDT,profit,0.005,10,0.143501715,0.143415657,0.14361
2024-10-28 03:41:04.761001,DOGEUSDT,profit,0.005,10,0.14349171,0.143405658,0.14361
2024-10-28 03:41:09.998023,DOGEUSDT,profit,0.005,10,0.14349171,0.143405658,0.14361
2024-10-28 03:41:14.008016,DOGEUSDT,loss,-0.001,10,0.14368180499999997,0.143595639,0.14343
2024-10-28 03:41:19.334055,DOGEUSDT,loss,-0.001,10,0.14368180499999997,0.143595639,0.14342
2024-10-28 03:41:51.947284,NEIROUSDT,timeout,0,10,0.001544141685,0.001543215663,0.00154337
2024-10-28 03:42:12.395930,BTCUSDT,timeout,0,10,67977.972,67937.2056,67954.45
2024-10-28 03:42:17.087477,ETHUSDT,timeout,0,10,2504.63169,2503.1296620000003,2503.26
2024-10-28 03:42:17.473351,NEIROUSDT,profit,0.005,10,0.0015464628449999998,0.001545535431,0.00154732
2024-10-28 03:42:22.208052,DOGEUSDT,timeout,0,10,0.1436718,0.14358564000000001,0.14361
2024-10-28 03:42:25.254044,SOLUSDT,timeout,0,10,176.738325,176.632335,176.66
2024-10-28 03:42:27.180872,SAGAUSDT,timeout,0,10,1.9857923999999998,1.98460152,1.9854
2024-10-28 03:42:29.479014,BNBUSDT,timeout,0,10,589.2945,588.9411,589.0
2024-10-28 03:42:30.911331,JUPUSDT,timeout,0,10,1.0226110499999999,1.0219977900000001,1.022
2024-10-28 03:42:38.831231,DOGEUSDT,profit,0.005,10,0.14353173,0.143445654,0.14361
2024-10-28 03:42:41.016047,DOGEUSDT,profit,0.005,10,0.14341167,0.143325666,0.14343
2024-10-28 03:42:44.365185,DOGEUSDT,profit,0.005,10,0.14341167,0.143325666,0.14361
2024-10-28 03:42:47.807608,DOGEUSDT,profit,0.005,10,0.14329160999999999,0.14320567799999998,0.14334
2024-10-28 03:42:50.572608,SAGAUSDT,loss,-0.001,10,1.98349125,1.98230175,1.9816
2024-10-28 03:42:54.566840,DOGEUSDT,profit,0.005,10,0.14329160999999999,0.14320567799999998,0.14361
2024-10-28 03:42:57.433595,DOGEUSDT,profit,0.005,10,0.14329160999999999,0.14320567799999998,0.14334
2024-10-28 03:43:00.797579,DOGEUSDT,profit,0.005,10,0.14329160999999999,0.14320567799999998,0.14361
2024-10-28 03:43:04.293844,DOGEUSDT,profit,0.005,10,0.14329160999999999,0.14320567799999998,0.14361
2024-10-28 03:43:07.161797,DOGEUSDT,profit,0.005,10,0.1432716,0.14318567999999998,0.14361
2024-10-28 03:43:10.746718,DOGEUSDT,profit,0.005,10,0.1432716,0.14318567999999998,0.14361
2024-10-28 03:43:14.228131,DOGEUSDT,profit,0.005,10,0.14310151499999998,0.143015697,0.14322
2024-10-28 03:43:20.729371,DOGEUSDT,profit,0.005,10,0.14309151,0.14300569800000001,0.14361
2024-10-28 03:43:23.647980,DOGEUSDT,profit,0.005,10,0.14310151499999998,0.143015697,0.1432
2024-10-28 03:43:27.130762,DOGEUSDT,profit,0.005,10,0.14315154,0.14306569200000002,0.14361
2024-10-28 03:43:30.508692,DOGEUSDT,profit,0.005,10,0.143041485,0.14295570300000002,0.1432
2024-10-28 03:43:34.092825,DOGEUSDT,profit,0.005,10,0.143041485,0.14295570300000002,0.14361
2024-10-28 03:43:36.903418,DOGEUSDT,profit,0.005,10,0.14303148,0.142945704,0.1432
2024-10-28 03:43:43.359227,NEIROUSDT,profit,0.005,10,0.0015460226249999999,0.001545095475,0.0015471
2024-10-28 03:44:08.705705,SAGAUSDT,loss,-0.001,10,1.9782886499999999,1.97710227,1.9764
2024-10-28 03:44:11.572049,DOGEUSDT,loss,-0.001,10,0.14305148999999998,0.142965702,0.14285
2024-10-28 03:44:15.157272,NEIROUSDT,loss,-0.001,10,0.00154669296,0.001545765408,0.00154535
2024-10-28 03:44:18.534845,JUPUSDT,profit,0.005,10,1.02040995,1.0197980100000001,1.0209
2024-10-28 03:44:50.043427,SAGAUSDT,profit,0.005,10,1.9793891999999997,1.97820216,1.9808
2024-10-28 03:45:22.023727,SUIUSDT,loss,-0.001,10,1.74257085,1.74152583,1.7414
2024-10-28 03:45:23.968923,DOGEUSDT,timeout,0,10,0.14277135,0.14268572999999998,0.14269
2024-10-28 03:45:30.697566,BNBUSDT,timeout,0,10,588.6941999999999,588.34116,588.4
2024-10-28 03:45:35.028246,NEIROUSDT,timeout,0,10,0.0015478535399999999,0.001546925292,0.00154697
2024-10-28 03:45:42.746712,SOLUSDT,timeout,0,10,176.56823999999997,176.46235199999998,176.48
2024-10-28 03:45:50.490773,SAGAUSDT,profit,0.005,10,1.9844917499999999,1.98330165,1.9855
2024-10-28 03:45:53.363673,ETHUSDT,profit,0.005,10,2501.980365,2500.479927,2504.74
2024-10-28 03:45:55.742626,DOGEUSDT,loss,-0.001,10,0.14252122499999997,0.142435755,0.14229
2024-10-28 03:46:04.725024,BTCUSDT,profit,0.005,10,67920.44325,67879.71135,68095.81
2024-10-28 03:46:28.585560,NEIROUSDT,loss,-0.001,10,0.0015645118649999998,0.001563573627,0.00156345
2024-10-28 03:46:33.265892,NEIROUSDT,profit,0.005,10,0.00154707315,0.0015461453700000001,0.00156373
2024-10-28 03:46:36.647764,NEIROUSDT,profit,0.005,10,0.00154707315,0.0015461453700000001,0.00156373
2024-10-28 03:46:38.388552,NEIROUSDT,profit,0.005,10,0.00154707315,0.0015461453700000001,0.00156373
2024-10-28 03:46:41.829611,NEIROUSDT,profit,0.005,10,0.00154707315,0.0015461453700000001,0.00156396
2024-10-28 03:46:45.891243,SAGAUSDT,profit,0.005,10,1.98869385,1.9875012300000001,1.9897
2024-10-28 03:46:46.300739,NEIROUSDT,profit,0.005,10,0.00154707315,0.0015461453700000001,0.00156396
2024-10-28 03:47:08.882440,BTCUSDT,timeout,0,10,67964.455245,67923.696951,67930.3
2024-10-28 03:47:10.738075,SUIUSDT,timeout,0,10,1.74417165,1.7431256700000002,1.7433
2024-10-28 03:47:21.730339,DOGEUSDT,loss,-0.001,10,0.14253123,0.142445754,0.14244
2024-10-28 03:47:34.473927,BNBUSDT,timeout,0,10,589.2945,588.9411,589.0
2024-10-28 03:48:06.170936,SOLUSDT,loss,-0.001,10,176.74832999999998,176.642334,176.45
2024-10-28 03:48:14.161432,NEIROUSDT,loss,-0.001,10,0.001566352785,0.001565413443,0.00156381
2024-10-28 03:49:10.787095,DOGEUSDT,timeout,0,10,0.1426713,0.14258574000000002,0.14259
2024-10-28 03:49:12.592373,SUIUSDT,timeout,0,10,1.7414702999999998,1.74042594,1.7405
2024-10-28 03:49:14.677904,SAGAUSDT,timeout,0,10,1.98789345,1.9867013100000002,1.9869
2024-10-28 03:49:17.493608,SAGAUSDT,profit,0.005,10,1.98869385,1.9875012300000001,1.9889
2024-10-28 03:49:48.031830,JUPUSDT,timeout,0,10,1.02020985,1.01959803,1.0196
2024-10-28 03:50:11.817932,SOLUSDT,profit,0.005,10,176.26809,176.162382,176.78
2024-10-28 03:50:14.686809,SOLUSDT,profit,0.005,10,176.26809,176.162382,176.78
2024-10-28 03:50:18.050580,SOLUSDT,profit,0.005,10,176.25808499999997,176.152383,176.78
2024-10-28 03:50:21.492448,BNBUSDT,timeout,0,10,588.6941999999999,588.34116,588.4
2024-10-28 03:50:21.881487,SOLUSDT,profit,0.005,10,176.25808499999997,176.152383,176.78
2024-10-28 03:50:23.582751,SOLUSDT,profit,0.005,10,176.238075,176.132385,176.78
2024-10-28 03:50:36.189173,DOGEUSDT,loss,-0.001,10,0.142781355,0.142695729,0.14257
2024-10-28 03:50:39.568820,DOGEUSDT,profit,0.005,10,0.142641285,0.142555743,0.14284
2024-10-28 03:50:42.485663,DOGEUSDT,profit,0.005,10,0.142641285,0.142555743,0.14286
2024-10-28 03:50:46.122043,NEIROUSDT,timeout,0,10,0.0015628610399999999,0.001561923792,0.00156211
2024-10-28 03:50:46.507225,DOGEUSDT,profit,0.005,10,0.14265129000000001,0.14256574200000002,0.14286
2024-10-28 03:50:48.855356,DOGEUSDT,profit,0.005,10,0.142641285,0.142555743,0.14286
2024-10-28 03:50:52.297603,JUPUSDT,timeout,0,10,1.0188091499999998,1.01819817,1.0183
2024-10-28 03:50:52.777867,DOGEUSDT,profit,0.005,10,0.142641285,0.142555743,0.14286
2024-10-28 03:50:55.645055,DOGEUSDT,profit,0.005,10,0.142641285,0.142555743,0.14286
2024-10-28 03:51:01.452713,DOGEUSDT,profit,0.005,10,0.142641285,0.142555743,0.14286
2024-10-28 03:51:05.577959,DOGEUSDT,profit,0.005,10,0.14259126,0.14250574800000002,0.14286
2024-10-28 03:51:08.884307,DOGEUSDT,profit,0.005,10,0.14261126999999998,0.142525746,0.14286
2024-10-28 03:51:10.595701,DOGEUSDT,profit,0.005,10,0.14259126,0.14250574800000002,0.14286
2024-10-28 03:51:28.873487,SOLUSDT,timeout,0,10,176.238075,176.132385,176.15
2024-10-28 03:51:33.195876,SAGAUSDT,timeout,0,10,1.9919955,1.9908009000000002,1.991
2024-10-28 03:51:49.815366,DOGEUSDT,loss,-0.001,10,0.14259126,0.14250574800000002,0.14236
2024-10-28 03:52:02.615449,JUPUSDT,timeout,0,10,1.01780865,1.0171982700000002,1.0172
2024-10-28 03:53:00.864089,SOLUSDT,loss,-0.001,10,177.06848999999997,176.962302,176.1
2024-10-28 03:53:08.663917,ETHUSDT,timeout,0,10,2503.461105,2501.9597790000003,2502.21
2024-10-28 03:53:31.499224,BTCUSDT,timeout,0,10,67895.44075499999,67854.723849,67862.23
2024-10-28 03:54:03.742282,SUIUSDT,loss,-0.001,10,1.73916915,1.73812617,1.7381
2024-10-28 03:54:11.865374,ETHUSDT,timeout,0,10,2500.52964,2499.030072,2499.28
2024-10-28 03:54:15.633898,SAGAUSDT,loss,-0.001,10,1.9896943499999997,1.98850113,1.9865
2024-10-28 03:55:00.178220,JUPUSDT,timeout,0,10,1.0188091499999998,1.01819817,1.0183
2024-10-28 03:55:58.546731,SUIUSDT,timeout,0,10,1.74087,1.739826,1.7399
2024-10-28 03:56:20.468094,DOGEUSDT,timeout,0,10,0.14260126499999998,0.142515747,0.14253
2024-10-28 03:56:23.225369,JUPUSDT,timeout,0,10,1.0173084,1.01669832,1.0168
2024-10-28 03:56:44.363318,SUIUSDT,loss,-0.001,10,1.7431711499999998,1.74212577,1.7418
2024-10-28 03:56:50.975921,SAGAUSDT,profit,0.005,10,1.9843917,1.98320166,1.9855
2024-10-28 03:57:22.310575,SAGAUSDT,profit,0.005,10,1.9843917,1.98320166,1.9857
2024-10-28 03:57:25.742466,DOGEUSDT,loss,-0.001,10,0.14245119,0.142365762,0.14222
2024-10-28 03:57:30.792033,ETHUSDT,timeout,0,10,2503.4510999999998,2501.94978,2501.95
2024-10-28 03:57:48.422652,JUPUSDT,timeout,0,10,1.0152073499999998,1.01459853,1.0146
2024-10-28 03:57:50.265822,SAGAUSDT,loss,-0.001,10,1.9842916499999999,1.9831016700000001,1.9812
2024-10-28 03:58:06.342384,SUIUSDT,timeout,0,10,1.74457185,1.74352563,1.7436
2024-10-28 03:58:14.275680,SAGAUSDT,loss,-0.001,10,1.98489195,1.98370161,1.9835
2024-10-28 03:58:24.135404,SUIUSDT,loss,-0.001,10,1.746873,1.7458254,1.7457
2024-10-28 03:58:45.616888,JUPUSDT,loss,-0.001,10,1.01400675,1.01339865,1.0122
2024-10-28 03:58:55.392637,NEIROUSDT,timeout,0,10,0.00156132027,0.001560383946,0.00156054
2024-10-28 03:59:23.871741,JUPUSDT,loss,-0.001,10,1.01440695,1.01379861,1.0126
2024-10-28 03:59:30.516428,JUPUSDT,profit,0.005,10,1.01200575,1.0113988500000002,1.0126
2024-10-28 03:59:37.377178,SUIUSDT,loss,-0.001,10,1.7444718,1.74342564,1.7434
2024-10-28 03:59:57.448935,DOGEUSDT,profit,0.005,10,0.142141035,0.142055793,0.14222
2024-10-28 04:00:24.741881,SAGAUSDT,timeout,0,10,1.9821906,1.98100188,1.9812
2024-10-28 04:00:28.782381,NEIROUSDT,loss,-0.001,10,0.00156362142,0.001562683716,0.00156126
2024-10-28 04:00:42.508690,LTCUSDT,timeout,0,10,71.31564,71.272872,71.31
2024-10-28 04:01:11.893694,ETHUSDT,timeout,0,10,2500.6196849999997,2499.120063,2499.37
2024-10-28 04:01:50.190511,NEIROUSDT,profit,0.005,10,0.0015637514849999997,0.001562813703,0.00156451
2024-10-28 04:01:51.215057,DOGEUSDT,profit,0.005,10,0.14213103,0.142045794,0.14221
2024-10-28 04:02:30.711836,JUPUSDT,profit,0.005,10,1.0113054,1.0106989199999998,1.0121
2024-10-28 04:02:44.053509,NEIROUSDT,profit,0.005,10,0.0015669630899999999,0.001566023382,0.00156781
2024-10-28 04:03:00.865959,SUIUSDT,timeout,0,10,1.7418705,1.7408259000000001,1.7409
2024-10-28 04:03:03.291182,DOGEUSDT,profit,0.005,10,0.14213103,0.142045794,0.14221
2024-10-28 04:03:13.995657,NEIROUSDT,profit,0.005,10,0.00157044483,0.0015695030340000002,0.00157138
2024-10-28 04:04:35.465722,DOGEUSDT,timeout,0,10,0.14243118,0.14234576399999999,0.14236
2024-10-28 04:04:43.005823,SUIUSDT,timeout,0,10,1.7384688,1.73742624,1.7376
2024-10-28 04:04:46.524910,NEIROUSDT,timeout,0,10,0.00157376649,0.001572822702,0.00157298
2024-10-28 04:05:21.207789,JUPUSDT,timeout,0,10,1.0139067,1.01329866,1.0134
2024-10-28 04:05:27.749876,SAGAUSDT,timeout,0,10,1.9793891999999997,1.97820216,1.9784
2024-10-28 04:05:48.990676,SUIUSDT,timeout,0,10,1.7402697,1.73922606,1.7394
2024-10-28 04:05:55.031249,NEIROUSDT,loss,-0.001,10,0.001571795505,0.001570852899,0.00156943
2024-10-28 04:06:08.650077,SAGAUSDT,loss,-0.001,10,1.97728815,1.97610237,1.9761
2024-10-28 04:06:22.883766,LTCUSDT,timeout,0,10,71.265615,71.22287700000001,71.23
2024-10-28 04:06:24.522243,NEIROUSDT,loss,-0.001,10,0.001567633425,0.0015666933150000001,0.00156334
2024-10-28 04:06:49.052684,DOGEUSDT,timeout,0,10,0.14227109999999998,0.14218577999999998,0.1422
2024-10-28 04:06:53.267583,SAGAUSDT,loss,-0.001,10,1.9797893999999998,1.97860212,1.9784
2024-10-28 04:07:10.750754,SOLUSDT,loss,-0.001,10,176.36813999999998,176.262372,176.02
2024-10-28 04:07:14.257760,SOLUSDT,profit,0.005,10,176.10801,176.002398,176.28
2024-10-28 04:07:17.614671,NEIROUSDT,loss,-0.001,10,0.00156222072,0.0015612838560000002,0.0015595
2024-10-28 04:07:18.077987,SOLUSDT,profit,0.005,10,176.10801,176.002398,176.28
2024-10-28 04:07:22.173814,SUIUSDT,timeout,0,10,1.7420706,1.74102588,1.7412
2024-10-28 04:07:23.146343,SOLUSDT,profit,0.005,10,176.10801,176.002398,176.28
2024-10-28 04:07:27.191273,SOLUSDT,loss,-0.001,10,176.36813999999998,176.262372,176.02
2024-10-28 04:07:31.262917,SAGAUSDT,loss,-0.001,10,1.9828909499999998,1.9817018100000001,1.9806
2024-10-28 04:07:31.697702,ETHUSDT,timeout,0,10,2503.2009749999997,2501.6998049999997,2501.95
2024-10-28 04:07:34.564307,SOLUSDT,profit,0.005,10,176.10801,176.002398,176.28
2024-10-28 04:07:38.045925,SOLUSDT,profit,0.005,10,176.10801,176.002398,176.28
2024-10-28 04:07:43.952587,NEIROUSDT,profit,0.005,10,0.0015611802,0.00156024396,0.00156127
2024-10-28 04:07:45.009357,SOLUSDT,profit,0.005,10,176.10801,176.002398,176.28
2024-10-28 04:07:48.354819,SOLUSDT,profit,0.005,10,176.10801,176.002398,176.28
2024-10-28 04:07:51.311252,SOLUSDT,profit,0.005,10,176.09800499999997,175.992399,176.28
2024-10-28 04:07:54.189665,SOLUSDT,profit,0.005,10,176.077995,175.97240100000002,176.28
2024-10-28 04:07:57.070678,SOLUSDT,profit,0.005,10,176.077995,175.97240100000002,176.28
2024-10-28 04:08:00.472106,SOLUSDT,profit,0.005,10,176.077995,175.97240100000002,176.28
2024-10-28 04:08:04.567786,SOLUSDT,profit,0.005,10,176.077995,175.97240100000002,176.28
2024-10-28 04:08:08.013686,SOLUSDT,profit,0.005,10,176.077995,175.97240100000002,176.28
2024-10-28 04:08:11.501649,SOLUSDT,profit,0.005,10,176.077995,175.97240100000002,176.28
2024-10-28 04:08:17.017357,SOLUSDT,profit,0.005,10,176.077995,175.97240100000002,176.28
2024-10-28 04:08:19.825543,SAGAUSDT,loss,-0.001,10,1.9842916499999999,1.9831016700000001,1.9828
2024-10-28 04:08:23.307787,SOLUSDT,loss,-0.001,10,176.36813999999998,176.262372,175.99
2024-10-28 04:08:26.277530,SOLUSDT,profit,0.005,10,176.077995,175.97240100000002,176.28
2024-10-28 04:08:30.372596,SOLUSDT,profit,0.005,10,176.077995,175.97240100000002,176.28
2024-10-28 04:08:32.529495,SOLUSDT,profit,0.005,10,176.077995,175.97240100000002,176.28
2024-10-28 04:08:39.020130,SAGAUSDT,loss,-0.001,10,1.9867929,1.98560142,1.9849
2024-10-28 04:08:39.396647,SOLUSDT,profit,0.005,10,176.077995,175.97240100000002,176.28
2024-10-28 04:08:42.251181,SOLUSDT,profit,0.005,10,176.077995,175.97240100000002,176.28
2024-10-28 04:08:45.630402,SOLUSDT,profit,0.005,10,176.077995,175.97240100000002,176.28
2024-10-28 04:08:49.010169,SOLUSDT,profit,0.005,10,176.077995,175.97240100000002,176.28
2024-10-28 04:08:53.105621,SOLUSDT,profit,0.005,10,176.077995,175.97240100000002,176.28
2024-10-28 04:08:57.201764,SOLUSDT,profit,0.005,10,176.077995,175.97240100000002,176.28
2024-10-28 04:09:00.683502,SOLUSDT,profit,0.005,10,176.077995,175.97240100000002,176.28
2024-10-28 04:09:04.165455,SOLUSDT,profit,0.005,10,176.077995,175.97240100000002,176.28
2024-10-28 04:09:10.821192,JUPUSDT,loss,-0.001,10,1.01240595,1.01179881,1.0116
2024-10-28 04:09:11.967472,SOLUSDT,profit,0.005,10,176.077995,175.97240100000002,176.28
2024-10-28 04:09:15.349956,SOLUSDT,profit,0.005,10,176.077995,175.97240100000002,176.28
2024-10-28 04:09:18.225415,DOGEUSDT,timeout,0,10,0.14211102,0.142025796,0.14203
2024-10-28 04:09:19.190234,SOLUSDT,profit,0.005,10,176.077995,175.97240100000002,176.28
2024-10-28 04:09:22.059725,SOLUSDT,profit,0.005,10,176.077995,175.97240100000002,176.28
2024-10-28 04:09:26.643774,NEIROUSDT,loss,-0.001,10,0.0015655824,0.0015646435200000002,0.0015639
2024-10-28 04:09:29.422463,SOLUSDT,profit,0.005,10,176.077995,175.97240100000002,176.28
2024-10-28 04:09:31.200819,SOLUSDT,profit,0.005,10,176.077995,175.97240100000002,176.28
2024-10-28 04:09:34.782934,SOLUSDT,profit,0.005,10,176.077995,175.97240100000002,176.28
2024-10-28 04:09:37.594107,SOLUSDT,profit,0.005,10,176.077995,175.97240100000002,176.28
2024-10-28 04:09:41.607674,SOLUSDT,profit,0.005,10,176.077995,175.97240100000002,176.28
2024-10-28 04:09:45.022970,SOLUSDT,profit,0.005,10,176.077995,175.97240100000002,176.28
2024-10-28 04:09:48.409620,SOLUSDT,profit,0.005,10,176.077995,175.97240100000002,176.28
2024-10-28 04:09:51.859892,SOLUSDT,loss,-0.001,10,176.518215,176.41235700000001,175.99
2024-10-28 04:09:55.330890,SOLUSDT,loss,-0.001,10,176.53822499999998,176.432355,176.28
2024-10-28 04:09:59.892228,SOLUSDT,loss,-0.001,10,176.558235,176.452353,175.99
2024-10-28 04:10:02.786620,SOLUSDT,loss,-0.001,10,176.49820499999998,176.392359,176.28
2024-10-28 04:10:05.707783,SOLUSDT,loss,-0.001,10,176.54823,176.44235400000002,175.99
2024-10-28 04:10:12.671270,SAGAUSDT,profit,0.005,10,1.9836913499999997,1.9825017299999999,1.9865
2024-10-28 04:10:14.105111,SAGAUSDT,profit,0.005,10,1.9836913499999997,1.9825017299999999,1.9865
2024-10-28 04:10:15.538476,SAGAUSDT,profit,0.005,10,1.9783887,1.97720226,1.9827
2024-10-28 04:10:17.278898,SAGAUSDT,profit,0.005,10,1.9783887,1.97720226,1.979
2024-10-28 04:10:18.742491,SAGAUSDT,profit,0.005,10,1.9763876999999999,1.97520246,1.9865
2024-10-28 04:10:19.847653,SAGAUSDT,profit,0.005,10,1.9763876999999999,1.97520246,1.9774
2024-10-28 04:10:21.682464,SAGAUSDT,profit,0.005,10,1.9763876999999999,1.97520246,1.9865
2024-10-28 04:10:24.031300,SAGAUSDT,profit,0.005,10,1.9763876999999999,1.97520246,1.9865
2024-10-28 04:10:25.792069,SAGAUSDT,profit,0.005,10,1.9763876999999999,1.97520246,1.9865
2024-10-28 04:10:28.235736,SAGAUSDT,profit,0.005,10,1.9763876999999999,1.97520246,1.9865
2024-10-28 04:10:30.653509,SUIUSDT,timeout,0,10,1.7394692999999999,1.7384261399999998,1.7385
2024-10-28 04:10:31.307742,SAGAUSDT,profit,0.005,10,1.9763876999999999,1.97520246,1.9865
2024-10-28 04:10:32.986695,SAGAUSDT,profit,0.005,10,1.9763876999999999,1.97520246,1.9865
2024-10-28 04:10:35.001689,SAGAUSDT,profit,0.005,10,1.9763876999999999,1.97520246,1.9865
2024-10-28 04:10:37.042317,SAGAUSDT,profit,0.005,10,1.9763876999999999,1.97520246,1.9865
2024-10-28 04:10:39.602741,SAGAUSDT,profit,0.005,10,1.9747868999999998,1.97360262,1.9754
2024-10-28 04:10:41.709143,SAGAUSDT,profit,0.005,10,1.9747868999999998,1.97360262,1.9865
2024-10-28 04:10:43.470691,SAGAUSDT,profit,0.005,10,1.9747868999999998,1.97360262,1.9754
2024-10-28 04:10:46.110220,SAGAUSDT,profit,0.005,10,1.9747868999999998,1.97360262,1.9865
2024-10-28 04:10:47.999224,SAGAUSDT,profit,0.005,10,1.9747868999999998,1.97360262,1.9754
2024-10-28 04:10:49.432731,SAGAUSDT,profit,0.005,10,1.9747868999999998,1.97360262,1.9865
2024-10-28 04:10:51.433923,SAGAUSDT,profit,0.005,10,1.9747868999999998,1.97360262,1.9754
2024-10-28 04:10:52.914987,SAGAUSDT,profit,0.005,10,1.9747868999999998,1.97360262,1.9865
2024-10-28 04:10:54.347911,SAGAUSDT,profit,0.005,10,1.9747868999999998,1.97360262,1.9865
2024-10-28 04:10:56.396215,SAGAUSDT,profit,0.005,10,1.9747868999999998,1.97360262,1.9865
2024-10-28 04:10:58.479614,SAGAUSDT,profit,0.005,10,1.9747868999999998,1.97360262,1.9865
2024-10-28 04:11:00.766052,SAGAUSDT,profit,0.005,10,1.9745868,1.97340264,1.9865
2024-10-28 04:11:02.841746,SAGAUSDT,profit,0.005,10,1.9745868,1.97340264,1.9865
2024-10-28 04:11:03.973865,SAGAUSDT,profit,0.005,10,1.9745868,1.97340264,1.9865
2024-10-28 04:11:07.762715,BTCUSDT,loss,-0.001,10,67856.55132,67815.857736,67613.7
2024-10-28 04:11:09.797716,SOLUSDT,timeout,0,10,176.53822499999998,176.432355,176.45
2024-10-28 04:11:10.034210,BTCUSDT,loss,-0.001,10,67848.9075,67808.2185,67049.43
2024-10-28 04:11:12.165970,BTCUSDT,loss,-0.001,10,67868.687385,67827.986523,66599.09
2024-10-28 04:11:13.702232,BTCUSDT,loss,-0.001,10,67867.99704,67827.296592,60812.0
2024-10-28 04:11:15.742847,BTCUSDT,loss,-0.001,10,67867.99704,67827.296592,46630.0
2024-10-28 04:11:16.056927,SAGAUSDT,profit,0.005,10,1.9745868,1.97340264,1.9865
2024-10-28 04:11:18.059545,BTCUSDT,loss,-0.001,10,67872.07908,67831.37618400001,60987.62
2024-10-28 04:11:20.357739,SAGAUSDT,loss,-0.001,10,1.9757874,1.9746025200000001,1.9738
2024-10-28 04:11:22.135534,NEIROUSDT,profit,0.005,10,0.0015652122149999999,0.0015642735569999999,0.00156559
2024-10-28 04:11:24.147238,BTCUSDT,loss,-0.001,10,67893.93,67853.214,63427.12
2024-10-28 04:11:26.195233,BTCUSDT,loss,-0.001,10,67907.926995,67867.20260100001,66073.35
2024-10-28 04:11:28.300471,BTCUSDT,loss,-0.001,10,67908.47726999999,67867.75254599999,67666.01
2024-10-28 04:11:30.391211,SAGAUSDT,profit,0.005,10,1.9757874,1.9746025200000001,1.9865
2024-10-28 04:11:32.350896,BTCUSDT,loss,-0.001,10,67908.47726999999,67867.75254599999,67820.0
2024-10-28 04:11:34.079260,SAGAUSDT,loss,-0.001,10,1.9757874,1.9746025200000001,1.9738
2024-10-28 04:11:36.435570,SAGAUSDT,profit,0.005,10,1.9757874,1.9746025200000001,1.9865
2024-10-28 04:11:38.106235,SAGAUSDT,loss,-0.001,10,1.9757874,1.9746025200000001,1.9738
2024-10-28 04:11:40.391178,SUIUSDT,timeout,0,10,1.7374682999999997,1.73642634,1.7366
2024-10-28 04:11:40.627290,SAGAUSDT,profit,0.005,10,1.9757874,1.9746025200000001,1.9865
2024-10-28 04:11:43.002229,SAGAUSDT,loss,-0.001,10,1.9757874,1.9746025200000001,1.9736
2024-10-28 04:11:44.639729,SAGAUSDT,profit,0.005,10,1.9757874,1.9746025200000001,1.9865
2024-10-28 04:11:46.914680,SAGAUSDT,loss,-0.001,10,1.9757874,1.9746025200000001,1.9736
2024-10-28 04:11:48.717821,SAGAUSDT,profit,0.005,10,1.9753872,1.97420256,1.9865
2024-10-28 04:11:50.156469,SAGAUSDT,loss,-0.001,10,1.9747868999999998,1.97360262,1.9736
2024-10-28 04:11:51.832259,SAGAUSDT,profit,0.005,10,1.97508705,1.97390259,1.9867
2024-10-28 04:11:53.842917,SAGAUSDT,loss,-0.001,10,1.97508705,1.97390259,1.9736
2024-10-28 04:11:56.027322,SAGAUSDT,profit,0.005,10,1.97508705,1.97390259,1.9867
2024-10-28 04:11:58.033468,SOLUSDT,loss,-0.001,10,176.43817499999997,176.332365,175.99
2024-10-28 04:11:59.884535,SUIUSDT,profit,0.005,10,1.73796855,1.7369262900000002,1.7386
2024-10-28 04:12:03.731631,SOLUSDT,profit,0.005,10,176.077995,175.97240100000002,176.35
2024-10-28 04:12:06.183895,JUPUSDT,profit,0.005,10,1.0123058999999999,1.01169882,1.0127
2024-10-28 04:12:09.407877,NEIROUSDT,loss,-0.001,10,0.0015662227199999999,0.001565283456,0.00156402
2024-10-28 04:12:13.238744,SOLUSDT,loss,-0.001,10,176.43817499999997,176.332365,175.99
2024-10-28 04:12:15.279622,SOLUSDT,profit,0.005,10,176.077995,175.97240100000002,176.35
2024-10-28 04:12:17.677803,SOLUSDT,profit,0.005,10,176.077995,175.97240100000002,176.35
2024-10-28 04:12:21.593495,NEIROUSDT,loss,-0.001,10,0.00156708315,0.0015661433700000001,0.00156559
2024-10-28 04:12:22.924255,SOLUSDT,profit,0.005,10,176.077995,175.97240100000002,176.35
2024-10-28 04:12:24.545802,SOLUSDT,loss,-0.001,10,176.43817499999997,176.332365,175.99
2024-10-28 04:12:26.099109,SOLUSDT,profit,0.005,10,176.077995,175.97240100000002,176.35
2024-10-28 04:12:28.719900,SOLUSDT,profit,0.005,10,176.077995,175.97240100000002,176.35
2024-10-28 04:12:30.534823,SOLUSDT,profit,0.005,10,176.077995,175.97240100000002,176.35
2024-10-28 04:12:33.212804,SOLUSDT,profit,0.005,10,176.077995,175.97240100000002,176.35
2024-10-28 04:12:36.544010,SOLUSDT,profit,0.005,10,176.077995,175.97240100000002,176.35
2024-10-28 04:12:38.591868,SOLUSDT,profit,0.005,10,176.077995,175.97240100000002,176.35
2024-10-28 04:12:40.333015,SOLUSDT,loss,-0.001,10,176.50821,176.402358,175.99
2024-10-28 04:12:42.176192,SOLUSDT,loss,-0.001,10,176.49820499999998,176.392359,176.35
2024-10-28 04:12:43.916509,SOLUSDT,loss,-0.001,10,176.49820499999998,176.392359,175.99
2024-10-28 04:12:46.306048,SOLUSDT,loss,-0.001,10,176.49820499999998,176.392359,176.35
2024-10-28 04:12:48.012793,SOLUSDT,loss,-0.001,10,176.49820499999998,176.392359,175.99
2024-10-28 04:12:49.549072,SOLUSDT,loss,-0.001,10,176.49820499999998,176.392359,176.36
2024-10-28 04:12:51.278273,SOLUSDT,loss,-0.001,10,176.49820499999998,176.392359,175.99
2024-10-28 04:12:53.300955,SOLUSDT,loss,-0.001,10,176.49820499999998,176.392359,176.36
2024-10-28 04:12:53.644953,NEIROUSDT,loss,-0.001,10,0.00156828375,0.0015673432500000002,0.00156582
2024-10-28 04:12:53.951963,DOGEUSDT,profit,0.005,10,0.14225109,0.142165782,0.14234
2024-10-28 04:12:59.789070,SAGAUSDT,loss,-0.001,10,1.9749869999999998,1.9738026,1.9728
2024-10-28 04:13:12.242351,SUIUSDT,timeout,0,10,1.7375683499999999,1.73652633,1.7368
2024-10-28 04:13:19.791864,JUPUSDT,timeout,0,10,1.0117056,1.01109888,1.0112
2024-10-28 04:13:28.563469,SUIUSDT,profit,0.005,10,1.7355673499999997,1.73452653,1.7372
2024-10-28 04:13:30.184729,NEIROUSDT,profit,0.005,10,0.0015690441299999998,0.001568103174,0.00157017
2024-10-28 04:13:34.456505,NEIROUSDT,loss,-0.001,10,0.0015761176649999999,0.001575172467,0.00157221
2024-10-28 04:13:36.907075,SUIUSDT,profit,0.005,10,1.7355673499999997,1.73452653,1.7372
2024-10-28 04:13:37.200999,NEIROUSDT,loss,-0.001,10,0.0015761276699999998,0.001575182466,0.0015735
2024-10-28 04:13:40.801523,SUIUSDT,profit,0.005,10,1.7355673499999997,1.73452653,1.7372
2024-10-28 04:13:42.593001,SUIUSDT,profit,0.005,10,1.7355673499999997,1.73452653,1.7372
2024-10-28 04:14:22.733420,NEIROUSDT,loss,-0.001,10,0.001576157685,0.001575212463,0.0015751
2024-10-28 04:14:30.619098,JUPUSDT,timeout,0,10,1.0129062,1.01229876,1.0124
2024-10-28 04:14:40.960299,LTCUSDT,timeout,0,10,71.345655,71.302869,71.31
2024-10-28 04:14:45.313684,SUIUSDT,timeout,0,10,1.7355673499999997,1.73452653,1.7347
2024-10-28 04:14:47.719037,BTCUSDT,timeout,0,10,67921.933995,67881.201201,67887.99
